,sketchID,numBackground,numCausal,numFunctional,numSymbol,totalStrokes,propCausal,propFunctional,propSymbol,propBackground
0,gears_1.0219-e77f751a-a934-4602-97a0-f2c0bd8bd638,0.0,4.0,0.0,7.0,11.0,0.36363636363636365,0.0,0.6363636363636364,0.0
1,gears_1.0366-5aa209bd-fda5-4afd-b896-9371d73ab1df,5.0,4.0,5.0,4.0,18.0,0.2222222222222222,0.2777777777777778,0.2222222222222222,0.2777777777777778
2,gears_1.0524-70721cbe-8f3d-4e95-ad78-7b70a6f7c538,0.0,4.0,2.0,10.0,16.0,0.25,0.125,0.625,0.0
3,gears_1.0587-0a7bf55b-0d5c-4936-ae31-e30191e2be59,4.0,4.0,5.0,0.0,13.0,0.3076923076923077,0.38461538461538464,0.0,0.3076923076923077
4,gears_1.0641-f65a5813-73f1-4a74-8400-1df917c1e4d7,0.0,10.0,10.0,18.0,38.0,0.2631578947368421,0.2631578947368421,0.47368421052631576,0.0
5,gears_1.0699-e9c84818-251c-4d0a-ab36-a05f17f4e794,2.0,12.0,2.0,4.0,20.0,0.6,0.1,0.2,0.1
6,gears_1.0724-78dbf8af-eee2-44d3-8724-5e3fad9f2ba5,8.0,12.0,10.0,0.0,30.0,0.4,0.3333333333333333,0.0,0.26666666666666666
7,gears_1.0829-396e1830-1b25-418a-b8d9-0c7ee8ed0dd1,5.0,2.0,2.0,0.0,9.0,0.2222222222222222,0.2222222222222222,0.0,0.5555555555555556
8,gears_1.1012-51a21e13-6d92-4b2e-9e3c-daaf470c0991,2.0,2.0,2.0,0.0,6.0,0.3333333333333333,0.3333333333333333,0.0,0.3333333333333333
9,gears_1.1073-31f69960-6dfc-4e45-9a3c-6d7eaa33103e,0.0,4.0,0.0,0.0,4.0,1.0,0.0,0.0,0.0
10,gears_1.1350-5a8211e1-f5ee-4256-b1cc-2f4f0e6b08c3,2.0,4.0,4.0,0.0,10.0,0.4,0.4,0.0,0.2
11,gears_1.1568-93d31830-7fa2-4f39-8dac-4da643666140,5.0,7.0,6.0,0.0,18.0,0.3888888888888889,0.3333333333333333,0.0,0.2777777777777778
12,gears_1.1881-7a2da28a-47fe-4371-abd1-e8ca6740eada,2.0,23.0,26.0,1.0,52.0,0.4423076923076923,0.5,0.019230769230769232,0.038461538461538464
13,gears_1.1887-0675d919-20c4-4940-9610-d294d43c9bc1,1.0,2.0,3.0,4.0,10.0,0.2,0.3,0.4,0.1
14,gears_1.1991-e997567a-fe35-409f-a17b-8a14b7585294,2.0,2.0,2.0,2.0,8.0,0.25,0.25,0.25,0.25
15,gears_1.2659-dd1b5c39-13c7-4a69-836f-03279f53939d,0.0,8.0,4.0,19.0,31.0,0.25806451612903225,0.12903225806451613,0.6129032258064516,0.0
16,gears_1.2803-ce4e1ad2-c29d-4097-9d03-c5097c1e103e,6.0,6.0,6.0,8.0,26.0,0.23076923076923078,0.23076923076923078,0.3076923076923077,0.23076923076923078
17,gears_1.2989-156d9df6-e309-430b-bbac-e47b6792127e,3.0,14.0,22.0,12.0,51.0,0.27450980392156865,0.43137254901960786,0.23529411764705882,0.058823529411764705
18,gears_1.2990-838b4c34-f6c7-4ff8-9d65-2dc73da4632e,5.0,4.0,6.0,13.0,28.0,0.14285714285714285,0.21428571428571427,0.4642857142857143,0.17857142857142858
19,gears_1.3420-94c6faa4-2c3d-4f6f-a409-e9484a130847,8.0,5.0,4.0,0.0,17.0,0.29411764705882354,0.23529411764705882,0.0,0.47058823529411764
20,gears_1.3890-0990b186-d2cb-4b92-98cb-eb634cf917b8,11.0,2.0,2.0,3.0,18.0,0.1111111111111111,0.1111111111111111,0.16666666666666666,0.6111111111111112
21,gears_1.4032-8dfa87ba-2459-483b-a538-b02c05bbdab2,2.0,23.0,1.0,8.0,34.0,0.6764705882352942,0.029411764705882353,0.23529411764705882,0.058823529411764705
22,gears_1.4439-0eca0566-7cd9-4da5-b710-085e65a285e5,4.0,2.0,4.0,0.0,10.0,0.2,0.4,0.0,0.4
23,gears_1.4564-a9b5aa08-b02c-4ba3-a97d-be23a7fd9cc3,2.0,14.0,11.0,0.0,27.0,0.5185185185185185,0.4074074074074074,0.0,0.07407407407407407
24,gears_1.4565-36193ae4-51f5-4fa7-8105-88a5da44b9da,1.0,2.0,2.0,0.0,5.0,0.4,0.4,0.0,0.2
25,gears_1.4621-e895c1a2-bb35-4aaa-9dea-1fbe89a16b08,5.0,2.0,2.0,4.0,13.0,0.15384615384615385,0.15384615384615385,0.3076923076923077,0.38461538461538464
26,gears_1.4659-683c0845-cf14-4240-bd20-573c8b7926d8,5.0,4.0,2.0,0.0,11.0,0.36363636363636365,0.18181818181818182,0.0,0.45454545454545453
27,gears_1.4786-26a27eb2-3267-43ec-9911-66d292ce846f,1.0,2.0,2.0,4.0,9.0,0.2222222222222222,0.2222222222222222,0.4444444444444444,0.1111111111111111
28,gears_1.5191-babaa9e9-312d-4429-8546-0b7b2395d92c,22.0,7.0,6.0,0.0,35.0,0.2,0.17142857142857143,0.0,0.6285714285714286
29,gears_1.5235-eb1c8b46-bab0-42e7-8fea-bc50850cd0de,2.0,4.0,4.0,4.0,14.0,0.2857142857142857,0.2857142857142857,0.2857142857142857,0.14285714285714285
30,gears_1.5369-de50eae9-8b3d-44d0-89c1-b279c4fea591,0.0,48.0,0.0,4.0,52.0,0.9230769230769231,0.0,0.07692307692307693,0.0
31,gears_1.5854-18de046e-63e2-4225-89ae-e606873818b0,2.0,2.0,2.0,0.0,6.0,0.3333333333333333,0.3333333333333333,0.0,0.3333333333333333
32,gears_1.6182-d61fc503-aec8-4628-a767-04fadedc083f,7.0,2.0,2.0,0.0,11.0,0.18181818181818182,0.18181818181818182,0.0,0.6363636363636364
33,gears_1.6317-08207a69-0532-454a-a7d0-1f5618708db0,4.0,2.0,2.0,11.0,19.0,0.10526315789473684,0.10526315789473684,0.5789473684210527,0.21052631578947367
34,gears_1.6913-0d12dbb2-8462-4303-b6cf-7479942d1541,7.0,1.0,2.0,0.0,10.0,0.1,0.2,0.0,0.7
35,gears_1.6930-a8fd4222-86f3-4623-99f4-fb8794cd4962,0.0,4.0,4.0,19.0,27.0,0.14814814814814814,0.14814814814814814,0.7037037037037037,0.0
36,gears_1.6943-85eb7519-bc4d-4f4f-8a72-18670800d8e6,0.0,34.0,37.0,0.0,71.0,0.4788732394366197,0.5211267605633803,0.0,0.0
37,gears_1.6945-10eab378-7b98-4663-bd65-4d741b54cbcc,1.0,2.0,4.0,0.0,7.0,0.2857142857142857,0.5714285714285714,0.0,0.14285714285714285
38,gears_1.7376-6f5f07d7-86c3-4c4c-a052-3634d7755b9d,0.0,3.0,1.0,4.0,8.0,0.375,0.125,0.5,0.0
39,gears_1.7539-a65b7363-3afb-43a6-850a-5c80a1202ddc,3.0,4.0,4.0,2.0,13.0,0.3076923076923077,0.3076923076923077,0.15384615384615385,0.23076923076923078
40,gears_1.7873-86193d3b-b7ba-4998-b5c2-eef9e242d7d5,0.0,2.0,3.0,6.0,11.0,0.18181818181818182,0.2727272727272727,0.5454545454545454,0.0
41,gears_1.7949-a2356f93-f47d-4e7d-ae6d-11f1e8409b36,2.0,3.0,2.0,0.0,7.0,0.42857142857142855,0.2857142857142857,0.0,0.2857142857142857
42,gears_1.8099-977cb375-6430-4168-9a78-d0ac87428542,8.0,18.0,15.0,1.0,42.0,0.42857142857142855,0.35714285714285715,0.023809523809523808,0.19047619047619047
43,gears_1.8311-fcc6caca-cdbd-4ff0-9415-77b90229a1f1,4.0,3.0,4.0,0.0,11.0,0.2727272727272727,0.36363636363636365,0.0,0.36363636363636365
44,gears_1.8624-cf726450-c50a-42ab-a8d5-99b5d0ad0a98,8.0,4.0,4.0,2.0,18.0,0.2222222222222222,0.2222222222222222,0.1111111111111111,0.4444444444444444
45,gears_1.8798-4a19eaf6-12f9-4a97-adf2-469707d7995f,5.0,1.0,2.0,0.0,8.0,0.125,0.25,0.0,0.625
46,gears_1.9226-c136ef9a-0131-4850-bf5f-1beaf85afcc6,9.0,6.0,8.0,0.0,23.0,0.2608695652173913,0.34782608695652173,0.0,0.391304347826087
47,gears_1.9393-2960082e-f208-4821-ac8e-759fbc3f4d02,0.0,2.0,2.0,0.0,4.0,0.5,0.5,0.0,0.0
48,gears_1.9438-e9871158-5512-4dca-9edd-11caab65234a,9.0,12.0,10.0,0.0,31.0,0.3870967741935484,0.3225806451612903,0.0,0.2903225806451613
49,gears_1.9810-988306f1-19e0-4158-a007-261fc2d3ae0b,3.0,2.0,2.0,6.0,13.0,0.15384615384615385,0.15384615384615385,0.46153846153846156,0.23076923076923078
50,gears_2.0219-e77f751a-a934-4602-97a0-f2c0bd8bd638,3.0,4.0,3.0,1.0,11.0,0.36363636363636365,0.2727272727272727,0.09090909090909091,0.2727272727272727
51,gears_2.0366-5aa209bd-fda5-4afd-b896-9371d73ab1df,10.0,6.0,8.0,1.0,25.0,0.24,0.32,0.04,0.4
52,gears_2.0524-70721cbe-8f3d-4e95-ad78-7b70a6f7c538,5.0,3.0,31.0,0.0,39.0,0.07692307692307693,0.7948717948717948,0.0,0.1282051282051282
53,gears_2.0587-0a7bf55b-0d5c-4936-ae31-e30191e2be59,0.0,21.0,0.0,1.0,22.0,0.9545454545454546,0.0,0.045454545454545456,0.0
54,gears_2.0641-f65a5813-73f1-4a74-8400-1df917c1e4d7,3.0,2.0,3.0,0.0,8.0,0.25,0.375,0.0,0.375
55,gears_2.0699-e9c84818-251c-4d0a-ab36-a05f17f4e794,6.0,3.0,3.0,1.0,13.0,0.23076923076923078,0.23076923076923078,0.07692307692307693,0.46153846153846156
56,gears_2.0724-78dbf8af-eee2-44d3-8724-5e3fad9f2ba5,2.0,7.0,0.0,9.0,18.0,0.3888888888888889,0.0,0.5,0.1111111111111111
57,gears_2.0829-396e1830-1b25-418a-b8d9-0c7ee8ed0dd1,3.0,3.0,2.0,8.0,16.0,0.1875,0.125,0.5,0.1875
58,gears_2.1012-51a21e13-6d92-4b2e-9e3c-daaf470c0991,2.0,3.0,3.0,1.0,9.0,0.3333333333333333,0.3333333333333333,0.1111111111111111,0.2222222222222222
59,gears_2.1073-31f69960-6dfc-4e45-9a3c-6d7eaa33103e,9.0,3.0,3.0,0.0,15.0,0.2,0.2,0.0,0.6
60,gears_2.1350-5a8211e1-f5ee-4256-b1cc-2f4f0e6b08c3,3.0,3.0,3.0,0.0,9.0,0.3333333333333333,0.3333333333333333,0.0,0.3333333333333333
61,gears_2.1568-93d31830-7fa2-4f39-8dac-4da643666140,6.0,8.0,12.0,8.0,34.0,0.23529411764705882,0.35294117647058826,0.23529411764705882,0.17647058823529413
62,gears_2.1881-7a2da28a-47fe-4371-abd1-e8ca6740eada,11.0,40.0,38.0,0.0,89.0,0.449438202247191,0.42696629213483145,0.0,0.12359550561797752
63,gears_2.1887-0675d919-20c4-4940-9610-d294d43c9bc1,4.0,4.0,3.0,0.0,11.0,0.36363636363636365,0.2727272727272727,0.0,0.36363636363636365
64,gears_2.1991-e997567a-fe35-409f-a17b-8a14b7585294,2.0,3.0,4.0,8.0,17.0,0.17647058823529413,0.23529411764705882,0.47058823529411764,0.11764705882352941
65,gears_2.2659-dd1b5c39-13c7-4a69-836f-03279f53939d,2.0,13.0,12.0,0.0,27.0,0.48148148148148145,0.4444444444444444,0.0,0.07407407407407407
66,gears_2.2803-ce4e1ad2-c29d-4097-9d03-c5097c1e103e,6.0,3.0,3.0,0.0,12.0,0.25,0.25,0.0,0.5
67,gears_2.2989-156d9df6-e309-430b-bbac-e47b6792127e,6.0,3.0,3.0,0.0,12.0,0.25,0.25,0.0,0.5
68,gears_2.2990-838b4c34-f6c7-4ff8-9d65-2dc73da4632e,9.0,3.0,3.0,1.0,16.0,0.1875,0.1875,0.0625,0.5625
69,gears_2.3420-94c6faa4-2c3d-4f6f-a409-e9484a130847,8.0,7.0,3.0,4.0,22.0,0.3181818181818182,0.13636363636363635,0.18181818181818182,0.36363636363636365
70,gears_2.3890-0990b186-d2cb-4b92-98cb-eb634cf917b8,8.0,3.0,4.0,0.0,15.0,0.2,0.26666666666666666,0.0,0.5333333333333333
71,gears_2.4032-8dfa87ba-2459-483b-a538-b02c05bbdab2,1.0,6.0,6.0,0.0,13.0,0.46153846153846156,0.46153846153846156,0.0,0.07692307692307693
72,gears_2.4439-0eca0566-7cd9-4da5-b710-085e65a285e5,2.0,3.0,5.0,8.0,18.0,0.16666666666666666,0.2777777777777778,0.4444444444444444,0.1111111111111111
73,gears_2.4564-a9b5aa08-b02c-4ba3-a97d-be23a7fd9cc3,8.0,5.0,4.0,0.0,17.0,0.29411764705882354,0.23529411764705882,0.0,0.47058823529411764
74,gears_2.4565-36193ae4-51f5-4fa7-8105-88a5da44b9da,0.0,23.0,20.0,6.0,49.0,0.46938775510204084,0.40816326530612246,0.12244897959183673,0.0
75,gears_2.4621-e895c1a2-bb35-4aaa-9dea-1fbe89a16b08,5.0,3.0,3.0,0.0,11.0,0.2727272727272727,0.2727272727272727,0.0,0.45454545454545453
76,gears_2.4659-683c0845-cf14-4240-bd20-573c8b7926d8,6.0,4.0,4.0,9.0,23.0,0.17391304347826086,0.17391304347826086,0.391304347826087,0.2608695652173913
77,gears_2.4786-26a27eb2-3267-43ec-9911-66d292ce846f,5.0,3.0,4.0,0.0,12.0,0.25,0.3333333333333333,0.0,0.4166666666666667
78,gears_2.5191-babaa9e9-312d-4429-8546-0b7b2395d92c,6.0,8.0,7.0,17.0,38.0,0.21052631578947367,0.18421052631578946,0.4473684210526316,0.15789473684210525
79,gears_2.5235-eb1c8b46-bab0-42e7-8fea-bc50850cd0de,7.0,6.0,6.0,0.0,19.0,0.3157894736842105,0.3157894736842105,0.0,0.3684210526315789
80,gears_2.5369-de50eae9-8b3d-44d0-89c1-b279c4fea591,6.0,78.0,55.0,0.0,139.0,0.5611510791366906,0.39568345323741005,0.0,0.04316546762589928
81,gears_2.5854-18de046e-63e2-4225-89ae-e606873818b0,2.0,1.0,3.0,0.0,6.0,0.16666666666666666,0.5,0.0,0.3333333333333333
82,gears_2.6182-d61fc503-aec8-4628-a767-04fadedc083f,1.0,16.0,14.0,0.0,31.0,0.5161290322580645,0.45161290322580644,0.0,0.03225806451612903
83,gears_2.6317-08207a69-0532-454a-a7d0-1f5618708db0,3.0,3.0,3.0,15.0,24.0,0.125,0.125,0.625,0.125
84,gears_2.6913-0d12dbb2-8462-4303-b6cf-7479942d1541,7.0,3.0,3.0,0.0,13.0,0.23076923076923078,0.23076923076923078,0.0,0.5384615384615384
85,gears_2.6930-a8fd4222-86f3-4623-99f4-fb8794cd4962,12.0,8.0,6.0,0.0,26.0,0.3076923076923077,0.23076923076923078,0.0,0.46153846153846156
86,gears_2.6943-85eb7519-bc4d-4f4f-8a72-18670800d8e6,16.0,3.0,3.0,2.0,24.0,0.125,0.125,0.08333333333333333,0.6666666666666666
87,gears_2.6945-10eab378-7b98-4663-bd65-4d741b54cbcc,2.0,1.0,1.0,0.0,4.0,0.25,0.25,0.0,0.5
88,gears_2.7376-6f5f07d7-86c3-4c4c-a052-3634d7755b9d,14.0,0.0,0.0,0.0,14.0,0.0,0.0,0.0,1.0
89,gears_2.7539-a65b7363-3afb-43a6-850a-5c80a1202ddc,5.0,4.0,4.0,0.0,13.0,0.3076923076923077,0.3076923076923077,0.0,0.38461538461538464
90,gears_2.7873-86193d3b-b7ba-4998-b5c2-eef9e242d7d5,2.0,3.0,5.0,0.0,10.0,0.3,0.5,0.0,0.2
91,gears_2.7949-a2356f93-f47d-4e7d-ae6d-11f1e8409b36,2.0,3.0,3.0,0.0,8.0,0.375,0.375,0.0,0.25
92,gears_2.8099-977cb375-6430-4168-9a78-d0ac87428542,0.0,3.0,3.0,13.0,19.0,0.15789473684210525,0.15789473684210525,0.6842105263157895,0.0
93,gears_2.8311-fcc6caca-cdbd-4ff0-9415-77b90229a1f1,9.0,35.0,28.0,0.0,72.0,0.4861111111111111,0.3888888888888889,0.0,0.125
94,gears_2.8624-cf726450-c50a-42ab-a8d5-99b5d0ad0a98,6.0,3.0,3.0,0.0,12.0,0.25,0.25,0.0,0.5
95,gears_2.8798-4a19eaf6-12f9-4a97-adf2-469707d7995f,5.0,3.0,3.0,5.0,16.0,0.1875,0.1875,0.3125,0.3125
96,gears_2.9226-c136ef9a-0131-4850-bf5f-1beaf85afcc6,4.0,11.0,4.0,9.0,28.0,0.39285714285714285,0.14285714285714285,0.32142857142857145,0.14285714285714285
97,gears_2.9393-2960082e-f208-4821-ac8e-759fbc3f4d02,0.0,2.0,2.0,0.0,4.0,0.5,0.5,0.0,0.0
98,gears_2.9438-e9871158-5512-4dca-9edd-11caab65234a,5.0,16.0,14.0,4.0,39.0,0.41025641025641024,0.358974358974359,0.10256410256410256,0.1282051282051282
99,gears_2.9810-988306f1-19e0-4158-a007-261fc2d3ae0b,4.0,3.0,4.0,0.0,11.0,0.2727272727272727,0.36363636363636365,0.0,0.36363636363636365
100,levers_1.0219-e77f751a-a934-4602-97a0-f2c0bd8bd638,1.0,14.0,0.0,1.0,16.0,0.875,0.0,0.0625,0.0625
101,levers_1.0366-5aa209bd-fda5-4afd-b896-9371d73ab1df,3.0,7.0,5.0,10.0,25.0,0.28,0.2,0.4,0.12
102,levers_1.0524-70721cbe-8f3d-4e95-ad78-7b70a6f7c538,0.0,8.0,0.0,4.0,12.0,0.6666666666666666,0.0,0.3333333333333333,0.0
103,levers_1.0587-0a7bf55b-0d5c-4936-ae31-e30191e2be59,11.0,7.0,12.0,1.0,31.0,0.22580645161290322,0.3870967741935484,0.03225806451612903,0.3548387096774194
104,levers_1.0641-f65a5813-73f1-4a74-8400-1df917c1e4d7,6.0,5.0,3.0,8.0,22.0,0.22727272727272727,0.13636363636363635,0.36363636363636365,0.2727272727272727
105,levers_1.0699-e9c84818-251c-4d0a-ab36-a05f17f4e794,4.0,3.0,2.0,0.0,9.0,0.3333333333333333,0.2222222222222222,0.0,0.4444444444444444
106,levers_1.0724-78dbf8af-eee2-44d3-8724-5e3fad9f2ba5,10.0,12.0,11.0,0.0,33.0,0.36363636363636365,0.3333333333333333,0.0,0.30303030303030304
107,levers_1.0829-396e1830-1b25-418a-b8d9-0c7ee8ed0dd1,3.0,1.0,2.0,0.0,6.0,0.16666666666666666,0.3333333333333333,0.0,0.5
108,levers_1.1012-51a21e13-6d92-4b2e-9e3c-daaf470c0991,2.0,1.0,0.0,2.0,5.0,0.2,0.0,0.4,0.4
109,levers_1.1073-31f69960-6dfc-4e45-9a3c-6d7eaa33103e,4.0,8.0,0.0,0.0,12.0,0.6666666666666666,0.0,0.0,0.3333333333333333
110,levers_1.1350-5a8211e1-f5ee-4256-b1cc-2f4f0e6b08c3,3.0,5.0,4.0,0.0,12.0,0.4166666666666667,0.3333333333333333,0.0,0.25
111,levers_1.1568-93d31830-7fa2-4f39-8dac-4da643666140,3.0,4.0,4.0,12.0,23.0,0.17391304347826086,0.17391304347826086,0.5217391304347826,0.13043478260869565
112,levers_1.1881-7a2da28a-47fe-4371-abd1-e8ca6740eada,6.0,3.0,2.0,0.0,11.0,0.2727272727272727,0.18181818181818182,0.0,0.5454545454545454
113,levers_1.1887-0675d919-20c4-4940-9610-d294d43c9bc1,1.0,7.0,4.0,0.0,12.0,0.5833333333333334,0.3333333333333333,0.0,0.08333333333333333
114,levers_1.1991-e997567a-fe35-409f-a17b-8a14b7585294,4.0,3.0,5.0,8.0,20.0,0.15,0.25,0.4,0.2
115,levers_1.2659-dd1b5c39-13c7-4a69-836f-03279f53939d,4.0,11.0,9.0,0.0,24.0,0.4583333333333333,0.375,0.0,0.16666666666666666
116,levers_1.2803-ce4e1ad2-c29d-4097-9d03-c5097c1e103e,7.0,8.0,4.0,0.0,19.0,0.42105263157894735,0.21052631578947367,0.0,0.3684210526315789
117,levers_1.2989-156d9df6-e309-430b-bbac-e47b6792127e,0.0,8.0,7.0,3.0,18.0,0.4444444444444444,0.3888888888888889,0.16666666666666666,0.0
118,levers_1.2990-838b4c34-f6c7-4ff8-9d65-2dc73da4632e,6.0,5.0,5.0,13.0,29.0,0.1724137931034483,0.1724137931034483,0.4482758620689655,0.20689655172413793
119,levers_1.3420-94c6faa4-2c3d-4f6f-a409-e9484a130847,15.0,4.0,3.0,0.0,22.0,0.18181818181818182,0.13636363636363635,0.0,0.6818181818181818
120,levers_1.3890-0990b186-d2cb-4b92-98cb-eb634cf917b8,26.0,6.0,7.0,0.0,39.0,0.15384615384615385,0.1794871794871795,0.0,0.6666666666666666
121,levers_1.4032-8dfa87ba-2459-483b-a538-b02c05bbdab2,10.0,5.0,3.0,0.0,18.0,0.2777777777777778,0.16666666666666666,0.0,0.5555555555555556
122,levers_1.4439-0eca0566-7cd9-4da5-b710-085e65a285e5,3.0,2.0,2.0,0.0,7.0,0.2857142857142857,0.2857142857142857,0.0,0.42857142857142855
123,levers_1.4564-a9b5aa08-b02c-4ba3-a97d-be23a7fd9cc3,7.0,3.0,4.0,0.0,14.0,0.21428571428571427,0.2857142857142857,0.0,0.5
124,levers_1.4565-36193ae4-51f5-4fa7-8105-88a5da44b9da,1.0,0.0,4.0,3.0,8.0,0.0,0.5,0.375,0.125
125,levers_1.4621-e895c1a2-bb35-4aaa-9dea-1fbe89a16b08,5.0,5.0,5.0,0.0,15.0,0.3333333333333333,0.3333333333333333,0.0,0.3333333333333333
126,levers_1.4659-683c0845-cf14-4240-bd20-573c8b7926d8,9.0,22.0,0.0,9.0,40.0,0.55,0.0,0.225,0.225
127,levers_1.4786-26a27eb2-3267-43ec-9911-66d292ce846f,5.0,3.0,0.0,0.0,8.0,0.375,0.0,0.0,0.625
128,levers_1.5191-babaa9e9-312d-4429-8546-0b7b2395d92c,27.0,8.0,9.0,0.0,44.0,0.18181818181818182,0.20454545454545456,0.0,0.6136363636363636
129,levers_1.5235-eb1c8b46-bab0-42e7-8fea-bc50850cd0de,0.0,6.0,6.0,2.0,14.0,0.42857142857142855,0.42857142857142855,0.14285714285714285,0.0
130,levers_1.5369-de50eae9-8b3d-44d0-89c1-b279c4fea591,0.0,1.0,7.0,4.0,12.0,0.08333333333333333,0.5833333333333334,0.3333333333333333,0.0
131,levers_1.5854-18de046e-63e2-4225-89ae-e606873818b0,8.0,5.0,0.0,0.0,13.0,0.38461538461538464,0.0,0.0,0.6153846153846154
132,levers_1.6182-d61fc503-aec8-4628-a767-04fadedc083f,15.0,7.0,11.0,0.0,33.0,0.21212121212121213,0.3333333333333333,0.0,0.45454545454545453
133,levers_1.6317-08207a69-0532-454a-a7d0-1f5618708db0,1.0,5.0,4.0,7.0,17.0,0.29411764705882354,0.23529411764705882,0.4117647058823529,0.058823529411764705
134,levers_1.6913-0d12dbb2-8462-4303-b6cf-7479942d1541,4.0,3.0,3.0,0.0,10.0,0.3,0.3,0.0,0.4
135,levers_1.6930-a8fd4222-86f3-4623-99f4-fb8794cd4962,27.0,24.0,13.0,18.0,82.0,0.2926829268292683,0.15853658536585366,0.21951219512195122,0.32926829268292684
136,levers_1.6943-85eb7519-bc4d-4f4f-8a72-18670800d8e6,0.0,6.0,5.0,0.0,11.0,0.5454545454545454,0.45454545454545453,0.0,0.0
137,levers_1.6945-10eab378-7b98-4663-bd65-4d741b54cbcc,2.0,0.0,1.0,0.0,3.0,0.0,0.3333333333333333,0.0,0.6666666666666666
138,levers_1.7376-6f5f07d7-86c3-4c4c-a052-3634d7755b9d,1.0,1.0,2.0,5.0,9.0,0.1111111111111111,0.2222222222222222,0.5555555555555556,0.1111111111111111
139,levers_1.7539-a65b7363-3afb-43a6-850a-5c80a1202ddc,11.0,22.0,5.0,0.0,38.0,0.5789473684210527,0.13157894736842105,0.0,0.2894736842105263
140,levers_1.7873-86193d3b-b7ba-4998-b5c2-eef9e242d7d5,0.0,5.0,0.0,6.0,11.0,0.45454545454545453,0.0,0.5454545454545454,0.0
141,levers_1.7949-a2356f93-f47d-4e7d-ae6d-11f1e8409b36,8.0,5.0,4.0,0.0,17.0,0.29411764705882354,0.23529411764705882,0.0,0.47058823529411764
142,levers_1.8099-977cb375-6430-4168-9a78-d0ac87428542,7.0,9.0,13.0,0.0,29.0,0.3103448275862069,0.4482758620689655,0.0,0.2413793103448276
143,levers_1.8311-fcc6caca-cdbd-4ff0-9415-77b90229a1f1,28.0,5.0,4.0,0.0,37.0,0.13513513513513514,0.10810810810810811,0.0,0.7567567567567568
144,levers_1.8624-cf726450-c50a-42ab-a8d5-99b5d0ad0a98,0.0,10.0,0.0,4.0,14.0,0.7142857142857143,0.0,0.2857142857142857,0.0
145,levers_1.8798-4a19eaf6-12f9-4a97-adf2-469707d7995f,2.0,4.0,3.0,7.0,16.0,0.25,0.1875,0.4375,0.125
146,levers_1.9226-c136ef9a-0131-4850-bf5f-1beaf85afcc6,2.0,7.0,0.0,5.0,14.0,0.5,0.0,0.35714285714285715,0.14285714285714285
147,levers_1.9393-2960082e-f208-4821-ac8e-759fbc3f4d02,0.0,5.0,4.0,0.0,9.0,0.5555555555555556,0.4444444444444444,0.0,0.0
148,levers_1.9438-e9871158-5512-4dca-9edd-11caab65234a,15.0,14.0,12.0,0.0,41.0,0.34146341463414637,0.2926829268292683,0.0,0.36585365853658536
149,levers_1.9810-988306f1-19e0-4158-a007-261fc2d3ae0b,9.0,6.0,9.0,7.0,31.0,0.1935483870967742,0.2903225806451613,0.22580645161290322,0.2903225806451613
150,levers_2.0219-e77f751a-a934-4602-97a0-f2c0bd8bd638,1.0,15.0,5.0,9.0,30.0,0.5,0.16666666666666666,0.3,0.03333333333333333
151,levers_2.0366-5aa209bd-fda5-4afd-b896-9371d73ab1df,3.0,4.0,5.0,0.0,12.0,0.3333333333333333,0.4166666666666667,0.0,0.25
152,levers_2.0524-70721cbe-8f3d-4e95-ad78-7b70a6f7c538,16.0,4.0,9.0,0.0,29.0,0.13793103448275862,0.3103448275862069,0.0,0.5517241379310345
153,levers_2.0587-0a7bf55b-0d5c-4936-ae31-e30191e2be59,0.0,1.0,1.0,4.0,6.0,0.16666666666666666,0.16666666666666666,0.6666666666666666,0.0
154,levers_2.0641-f65a5813-73f1-4a74-8400-1df917c1e4d7,4.0,4.0,3.0,0.0,11.0,0.36363636363636365,0.2727272727272727,0.0,0.36363636363636365
155,levers_2.0699-e9c84818-251c-4d0a-ab36-a05f17f4e794,4.0,4.0,1.0,4.0,13.0,0.3076923076923077,0.07692307692307693,0.3076923076923077,0.3076923076923077
156,levers_2.0724-78dbf8af-eee2-44d3-8724-5e3fad9f2ba5,4.0,4.0,3.0,12.0,23.0,0.17391304347826086,0.13043478260869565,0.5217391304347826,0.17391304347826086
157,levers_2.0829-396e1830-1b25-418a-b8d9-0c7ee8ed0dd1,0.0,3.0,2.0,8.0,13.0,0.23076923076923078,0.15384615384615385,0.6153846153846154,0.0
158,levers_2.1012-51a21e13-6d92-4b2e-9e3c-daaf470c0991,6.0,5.0,2.0,0.0,13.0,0.38461538461538464,0.15384615384615385,0.0,0.46153846153846156
159,levers_2.1350-5a8211e1-f5ee-4256-b1cc-2f4f0e6b08c3,3.0,3.0,4.0,0.0,10.0,0.3,0.4,0.0,0.3
160,levers_2.1568-93d31830-7fa2-4f39-8dac-4da643666140,11.0,6.0,5.0,0.0,22.0,0.2727272727272727,0.22727272727272727,0.0,0.5
161,levers_2.1881-7a2da28a-47fe-4371-abd1-e8ca6740eada,3.0,1.0,1.0,0.0,5.0,0.2,0.2,0.0,0.6
162,levers_2.1887-0675d919-20c4-4940-9610-d294d43c9bc1,6.0,6.0,7.0,0.0,19.0,0.3157894736842105,0.3684210526315789,0.0,0.3157894736842105
163,levers_2.1991-e997567a-fe35-409f-a17b-8a14b7585294,1.0,3.0,2.0,0.0,6.0,0.5,0.3333333333333333,0.0,0.16666666666666666
164,levers_2.2659-dd1b5c39-13c7-4a69-836f-03279f53939d,1.0,2.0,3.0,9.0,15.0,0.13333333333333333,0.2,0.6,0.06666666666666667
165,levers_2.2803-ce4e1ad2-c29d-4097-9d03-c5097c1e103e,15.0,13.0,2.0,7.0,37.0,0.35135135135135137,0.05405405405405406,0.1891891891891892,0.40540540540540543
166,levers_2.2989-156d9df6-e309-430b-bbac-e47b6792127e,13.0,2.0,2.0,0.0,17.0,0.11764705882352941,0.11764705882352941,0.0,0.7647058823529411
167,levers_2.2990-838b4c34-f6c7-4ff8-9d65-2dc73da4632e,12.0,3.0,5.0,0.0,20.0,0.15,0.25,0.0,0.6
168,levers_2.3420-94c6faa4-2c3d-4f6f-a409-e9484a130847,10.0,3.0,3.0,7.0,23.0,0.13043478260869565,0.13043478260869565,0.30434782608695654,0.43478260869565216
169,levers_2.3890-0990b186-d2cb-4b92-98cb-eb634cf917b8,34.0,7.0,8.0,7.0,56.0,0.125,0.14285714285714285,0.125,0.6071428571428571
170,levers_2.4032-8dfa87ba-2459-483b-a538-b02c05bbdab2,8.0,5.0,4.0,8.0,25.0,0.2,0.16,0.32,0.32
171,levers_2.4439-0eca0566-7cd9-4da5-b710-085e65a285e5,5.0,3.0,3.0,4.0,15.0,0.2,0.2,0.26666666666666666,0.3333333333333333
172,levers_2.4564-a9b5aa08-b02c-4ba3-a97d-be23a7fd9cc3,8.0,3.0,3.0,0.0,14.0,0.21428571428571427,0.21428571428571427,0.0,0.5714285714285714
173,levers_2.4565-36193ae4-51f5-4fa7-8105-88a5da44b9da,4.0,3.0,2.0,0.0,9.0,0.3333333333333333,0.2222222222222222,0.0,0.4444444444444444
174,levers_2.4621-e895c1a2-bb35-4aaa-9dea-1fbe89a16b08,6.0,6.0,3.0,2.0,17.0,0.35294117647058826,0.17647058823529413,0.11764705882352941,0.35294117647058826
175,levers_2.4659-683c0845-cf14-4240-bd20-573c8b7926d8,10.0,4.0,0.0,0.0,14.0,0.2857142857142857,0.0,0.0,0.7142857142857143
176,levers_2.4786-26a27eb2-3267-43ec-9911-66d292ce846f,6.0,3.0,2.0,1.0,12.0,0.25,0.16666666666666666,0.08333333333333333,0.5
177,levers_2.5191-babaa9e9-312d-4429-8546-0b7b2395d92c,8.0,28.0,10.0,8.0,54.0,0.5185185185185185,0.18518518518518517,0.14814814814814814,0.14814814814814814
178,levers_2.5235-eb1c8b46-bab0-42e7-8fea-bc50850cd0de,9.0,3.0,5.0,0.0,17.0,0.17647058823529413,0.29411764705882354,0.0,0.5294117647058824
179,levers_2.5369-de50eae9-8b3d-44d0-89c1-b279c4fea591,10.0,1.0,1.0,0.0,12.0,0.08333333333333333,0.08333333333333333,0.0,0.8333333333333334
180,levers_2.5854-18de046e-63e2-4225-89ae-e606873818b0,4.0,5.0,5.0,0.0,14.0,0.35714285714285715,0.35714285714285715,0.0,0.2857142857142857
181,levers_2.6182-d61fc503-aec8-4628-a767-04fadedc083f,13.0,5.0,4.0,0.0,22.0,0.22727272727272727,0.18181818181818182,0.0,0.5909090909090909
182,levers_2.6317-08207a69-0532-454a-a7d0-1f5618708db0,1.0,1.0,2.0,0.0,4.0,0.25,0.5,0.0,0.25
183,levers_2.6913-0d12dbb2-8462-4303-b6cf-7479942d1541,16.0,0.0,2.0,0.0,18.0,0.0,0.1111111111111111,0.0,0.8888888888888888
184,levers_2.6930-a8fd4222-86f3-4623-99f4-fb8794cd4962,32.0,9.0,11.0,0.0,52.0,0.17307692307692307,0.21153846153846154,0.0,0.6153846153846154
185,levers_2.6943-85eb7519-bc4d-4f4f-8a72-18670800d8e6,7.0,1.0,3.0,9.0,20.0,0.05,0.15,0.45,0.35
186,levers_2.6945-10eab378-7b98-4663-bd65-4d741b54cbcc,2.0,0.0,2.0,0.0,4.0,0.0,0.5,0.0,0.5
187,levers_2.7539-a65b7363-3afb-43a6-850a-5c80a1202ddc,9.0,4.0,7.0,0.0,20.0,0.2,0.35,0.0,0.45
188,levers_2.7873-86193d3b-b7ba-4998-b5c2-eef9e242d7d5,10.0,3.0,3.0,0.0,16.0,0.1875,0.1875,0.0,0.625
189,levers_2.7949-a2356f93-f47d-4e7d-ae6d-11f1e8409b36,3.0,4.0,5.0,0.0,12.0,0.3333333333333333,0.4166666666666667,0.0,0.25
190,levers_2.8099-977cb375-6430-4168-9a78-d0ac87428542,0.0,4.0,3.0,9.0,16.0,0.25,0.1875,0.5625,0.0
191,levers_2.8311-fcc6caca-cdbd-4ff0-9415-77b90229a1f1,14.0,0.0,13.0,0.0,27.0,0.0,0.48148148148148145,0.0,0.5185185185185185
192,levers_2.8624-cf726450-c50a-42ab-a8d5-99b5d0ad0a98,9.0,2.0,2.0,0.0,13.0,0.15384615384615385,0.15384615384615385,0.0,0.6923076923076923
193,levers_2.8798-4a19eaf6-12f9-4a97-adf2-469707d7995f,8.0,4.0,5.0,0.0,17.0,0.23529411764705882,0.29411764705882354,0.0,0.47058823529411764
194,levers_2.9226-c136ef9a-0131-4850-bf5f-1beaf85afcc6,13.0,4.0,4.0,0.0,21.0,0.19047619047619047,0.19047619047619047,0.0,0.6190476190476191
195,levers_2.9393-2960082e-f208-4821-ac8e-759fbc3f4d02,7.0,4.0,5.0,0.0,16.0,0.25,0.3125,0.0,0.4375
196,levers_2.9438-e9871158-5512-4dca-9edd-11caab65234a,10.0,7.0,4.0,4.0,25.0,0.28,0.16,0.16,0.4
197,levers_2.9810-988306f1-19e0-4158-a007-261fc2d3ae0b,12.0,18.0,12.0,0.0,42.0,0.42857142857142855,0.2857142857142857,0.0,0.2857142857142857
198,pulleys_1.0219-e77f751a-a934-4602-97a0-f2c0bd8bd638,1.0,5.0,5.0,0.0,11.0,0.45454545454545453,0.45454545454545453,0.0,0.09090909090909091
199,pulleys_1.0366-5aa209bd-fda5-4afd-b896-9371d73ab1df,11.0,4.0,0.0,1.0,16.0,0.25,0.0,0.0625,0.6875
200,pulleys_1.0524-70721cbe-8f3d-4e95-ad78-7b70a6f7c538,11.0,4.0,3.0,1.0,19.0,0.21052631578947367,0.15789473684210525,0.05263157894736842,0.5789473684210527
201,pulleys_1.0587-0a7bf55b-0d5c-4936-ae31-e30191e2be59,3.0,6.0,0.0,2.0,11.0,0.5454545454545454,0.0,0.18181818181818182,0.2727272727272727
202,pulleys_1.0641-f65a5813-73f1-4a74-8400-1df917c1e4d7,2.0,7.0,6.0,8.0,23.0,0.30434782608695654,0.2608695652173913,0.34782608695652173,0.08695652173913043
203,pulleys_1.0699-e9c84818-251c-4d0a-ab36-a05f17f4e794,4.0,2.0,3.0,4.0,13.0,0.15384615384615385,0.23076923076923078,0.3076923076923077,0.3076923076923077
204,pulleys_1.0724-78dbf8af-eee2-44d3-8724-5e3fad9f2ba5,0.0,6.0,0.0,4.0,10.0,0.6,0.0,0.4,0.0
205,pulleys_1.0829-396e1830-1b25-418a-b8d9-0c7ee8ed0dd1,2.0,3.0,1.0,0.0,6.0,0.5,0.16666666666666666,0.0,0.3333333333333333
206,pulleys_1.1012-51a21e13-6d92-4b2e-9e3c-daaf470c0991,5.0,0.0,0.0,1.0,6.0,0.0,0.0,0.16666666666666666,0.8333333333333334
207,pulleys_1.1073-31f69960-6dfc-4e45-9a3c-6d7eaa33103e,0.0,2.0,0.0,0.0,2.0,1.0,0.0,0.0,0.0
208,pulleys_1.1350-5a8211e1-f5ee-4256-b1cc-2f4f0e6b08c3,10.0,0.0,1.0,0.0,11.0,0.0,0.09090909090909091,0.0,0.9090909090909091
209,pulleys_1.1568-93d31830-7fa2-4f39-8dac-4da643666140,12.0,7.0,8.0,8.0,35.0,0.2,0.22857142857142856,0.22857142857142856,0.34285714285714286
210,pulleys_1.1881-7a2da28a-47fe-4371-abd1-e8ca6740eada,5.0,2.0,2.0,0.0,9.0,0.2222222222222222,0.2222222222222222,0.0,0.5555555555555556
211,pulleys_1.1887-0675d919-20c4-4940-9610-d294d43c9bc1,8.0,0.0,1.0,0.0,9.0,0.0,0.1111111111111111,0.0,0.8888888888888888
212,pulleys_1.1991-e997567a-fe35-409f-a17b-8a14b7585294,8.0,0.0,0.0,0.0,8.0,0.0,0.0,0.0,1.0
213,pulleys_1.2659-dd1b5c39-13c7-4a69-836f-03279f53939d,0.0,7.0,0.0,1.0,8.0,0.875,0.0,0.125,0.0
214,pulleys_1.2803-ce4e1ad2-c29d-4097-9d03-c5097c1e103e,20.0,4.0,6.0,2.0,32.0,0.125,0.1875,0.0625,0.625
215,pulleys_1.2989-156d9df6-e309-430b-bbac-e47b6792127e,10.0,2.0,1.0,0.0,13.0,0.15384615384615385,0.07692307692307693,0.0,0.7692307692307693
216,pulleys_1.2990-838b4c34-f6c7-4ff8-9d65-2dc73da4632e,10.0,7.0,8.0,7.0,32.0,0.21875,0.25,0.21875,0.3125
217,pulleys_1.3420-94c6faa4-2c3d-4f6f-a409-e9484a130847,20.0,8.0,7.0,0.0,35.0,0.22857142857142856,0.2,0.0,0.5714285714285714
218,pulleys_1.3890-0990b186-d2cb-4b92-98cb-eb634cf917b8,14.0,4.0,6.0,0.0,24.0,0.16666666666666666,0.25,0.0,0.5833333333333334
219,pulleys_1.4032-8dfa87ba-2459-483b-a538-b02c05bbdab2,7.0,5.0,6.0,3.0,21.0,0.23809523809523808,0.2857142857142857,0.14285714285714285,0.3333333333333333
220,pulleys_1.4439-0eca0566-7cd9-4da5-b710-085e65a285e5,9.0,1.0,2.0,0.0,12.0,0.08333333333333333,0.16666666666666666,0.0,0.75
221,pulleys_1.4564-a9b5aa08-b02c-4ba3-a97d-be23a7fd9cc3,13.0,6.0,1.0,0.0,20.0,0.3,0.05,0.0,0.65
222,pulleys_1.4565-36193ae4-51f5-4fa7-8105-88a5da44b9da,0.0,0.0,3.0,6.0,9.0,0.0,0.3333333333333333,0.6666666666666666,0.0
223,pulleys_1.4621-e895c1a2-bb35-4aaa-9dea-1fbe89a16b08,17.0,0.0,0.0,0.0,17.0,0.0,0.0,0.0,1.0
224,pulleys_1.4659-683c0845-cf14-4240-bd20-573c8b7926d8,16.0,1.0,1.0,0.0,18.0,0.05555555555555555,0.05555555555555555,0.0,0.8888888888888888
225,pulleys_1.4786-26a27eb2-3267-43ec-9911-66d292ce846f,7.0,0.0,0.0,0.0,7.0,0.0,0.0,0.0,1.0
226,pulleys_1.5191-babaa9e9-312d-4429-8546-0b7b2395d92c,15.0,6.0,5.0,0.0,26.0,0.23076923076923078,0.19230769230769232,0.0,0.5769230769230769
227,pulleys_1.5235-eb1c8b46-bab0-42e7-8fea-bc50850cd0de,11.0,2.0,4.0,0.0,17.0,0.11764705882352941,0.23529411764705882,0.0,0.6470588235294118
228,pulleys_1.5369-de50eae9-8b3d-44d0-89c1-b279c4fea591,17.0,4.0,3.0,0.0,24.0,0.16666666666666666,0.125,0.0,0.7083333333333334
229,pulleys_1.5854-18de046e-63e2-4225-89ae-e606873818b0,1.0,4.0,0.0,0.0,5.0,0.8,0.0,0.0,0.2
230,pulleys_1.6182-d61fc503-aec8-4628-a767-04fadedc083f,17.0,3.0,3.0,0.0,23.0,0.13043478260869565,0.13043478260869565,0.0,0.7391304347826086
231,pulleys_1.6317-08207a69-0532-454a-a7d0-1f5618708db0,5.0,4.0,5.0,12.0,26.0,0.15384615384615385,0.19230769230769232,0.46153846153846156,0.19230769230769232
232,pulleys_1.6913-0d12dbb2-8462-4303-b6cf-7479942d1541,9.0,6.0,4.0,0.0,19.0,0.3157894736842105,0.21052631578947367,0.0,0.47368421052631576
233,pulleys_1.6930-a8fd4222-86f3-4623-99f4-fb8794cd4962,23.0,6.0,5.0,4.0,38.0,0.15789473684210525,0.13157894736842105,0.10526315789473684,0.6052631578947368
234,pulleys_1.6943-85eb7519-bc4d-4f4f-8a72-18670800d8e6,5.0,6.0,5.0,7.0,23.0,0.2608695652173913,0.21739130434782608,0.30434782608695654,0.21739130434782608
235,pulleys_1.6945-10eab378-7b98-4663-bd65-4d741b54cbcc,4.0,0.0,0.0,0.0,4.0,0.0,0.0,0.0,1.0
236,pulleys_1.7539-a65b7363-3afb-43a6-850a-5c80a1202ddc,7.0,2.0,1.0,0.0,10.0,0.2,0.1,0.0,0.7
237,pulleys_1.7873-86193d3b-b7ba-4998-b5c2-eef9e242d7d5,0.0,8.0,1.0,3.0,12.0,0.6666666666666666,0.08333333333333333,0.25,0.0
238,pulleys_1.7949-a2356f93-f47d-4e7d-ae6d-11f1e8409b36,3.0,6.0,2.0,0.0,11.0,0.5454545454545454,0.18181818181818182,0.0,0.2727272727272727
239,pulleys_1.8099-977cb375-6430-4168-9a78-d0ac87428542,18.0,11.0,6.0,21.0,56.0,0.19642857142857142,0.10714285714285714,0.375,0.32142857142857145
240,pulleys_1.8311-fcc6caca-cdbd-4ff0-9415-77b90229a1f1,9.0,4.0,4.0,10.0,27.0,0.14814814814814814,0.14814814814814814,0.37037037037037035,0.3333333333333333
241,pulleys_1.8624-cf726450-c50a-42ab-a8d5-99b5d0ad0a98,20.0,4.0,4.0,0.0,28.0,0.14285714285714285,0.14285714285714285,0.0,0.7142857142857143
242,pulleys_1.8798-4a19eaf6-12f9-4a97-adf2-469707d7995f,12.0,1.0,2.0,0.0,15.0,0.06666666666666667,0.13333333333333333,0.0,0.8
243,pulleys_1.9226-c136ef9a-0131-4850-bf5f-1beaf85afcc6,19.0,4.0,5.0,0.0,28.0,0.14285714285714285,0.17857142857142858,0.0,0.6785714285714286
244,pulleys_1.9438-e9871158-5512-4dca-9edd-11caab65234a,26.0,1.0,0.0,0.0,27.0,0.037037037037037035,0.0,0.0,0.9629629629629629
245,pulleys_1.9810-988306f1-19e0-4158-a007-261fc2d3ae0b,8.0,12.0,10.0,3.0,33.0,0.36363636363636365,0.30303030303030304,0.09090909090909091,0.24242424242424243
246,pulleys_2.0219-e77f751a-a934-4602-97a0-f2c0bd8bd638,0.0,5.0,0.0,9.0,14.0,0.35714285714285715,0.0,0.6428571428571429,0.0
247,pulleys_2.0366-5aa209bd-fda5-4afd-b896-9371d73ab1df,9.0,8.0,7.0,4.0,28.0,0.2857142857142857,0.25,0.14285714285714285,0.32142857142857145
248,pulleys_2.0524-70721cbe-8f3d-4e95-ad78-7b70a6f7c538,2.0,5.0,1.0,4.0,12.0,0.4166666666666667,0.08333333333333333,0.3333333333333333,0.16666666666666666
249,pulleys_2.0587-0a7bf55b-0d5c-4936-ae31-e30191e2be59,7.0,2.0,2.0,0.0,11.0,0.18181818181818182,0.18181818181818182,0.0,0.6363636363636364
250,pulleys_2.0641-f65a5813-73f1-4a74-8400-1df917c1e4d7,11.0,2.0,2.0,0.0,15.0,0.13333333333333333,0.13333333333333333,0.0,0.7333333333333333
251,pulleys_2.0699-e9c84818-251c-4d0a-ab36-a05f17f4e794,15.0,12.0,2.0,13.0,42.0,0.2857142857142857,0.047619047619047616,0.30952380952380953,0.35714285714285715
252,pulleys_2.0724-78dbf8af-eee2-44d3-8724-5e3fad9f2ba5,12.0,3.0,3.0,0.0,18.0,0.16666666666666666,0.16666666666666666,0.0,0.6666666666666666
253,pulleys_2.0829-396e1830-1b25-418a-b8d9-0c7ee8ed0dd1,5.0,0.0,0.0,0.0,5.0,0.0,0.0,0.0,1.0
254,pulleys_2.1012-51a21e13-6d92-4b2e-9e3c-daaf470c0991,7.0,0.0,1.0,0.0,8.0,0.0,0.125,0.0,0.875
255,pulleys_2.1073-31f69960-6dfc-4e45-9a3c-6d7eaa33103e,13.0,2.0,1.0,0.0,16.0,0.125,0.0625,0.0,0.8125
256,pulleys_2.1350-5a8211e1-f5ee-4256-b1cc-2f4f0e6b08c3,5.0,4.0,3.0,0.0,12.0,0.3333333333333333,0.25,0.0,0.4166666666666667
257,pulleys_2.1568-93d31830-7fa2-4f39-8dac-4da643666140,9.0,6.0,6.0,0.0,21.0,0.2857142857142857,0.2857142857142857,0.0,0.42857142857142855
258,pulleys_2.1881-7a2da28a-47fe-4371-abd1-e8ca6740eada,6.0,14.0,13.0,1.0,34.0,0.4117647058823529,0.38235294117647056,0.029411764705882353,0.17647058823529413
259,pulleys_2.1887-0675d919-20c4-4940-9610-d294d43c9bc1,3.0,5.0,3.0,0.0,11.0,0.45454545454545453,0.2727272727272727,0.0,0.2727272727272727
260,pulleys_2.1991-e997567a-fe35-409f-a17b-8a14b7585294,6.0,3.0,3.0,0.0,12.0,0.25,0.25,0.0,0.5
261,pulleys_2.2659-dd1b5c39-13c7-4a69-836f-03279f53939d,9.0,0.0,1.0,0.0,10.0,0.0,0.1,0.0,0.9
262,pulleys_2.2803-ce4e1ad2-c29d-4097-9d03-c5097c1e103e,15.0,1.0,3.0,0.0,19.0,0.05263157894736842,0.15789473684210525,0.0,0.7894736842105263
263,pulleys_2.2990-838b4c34-f6c7-4ff8-9d65-2dc73da4632e,15.0,0.0,0.0,0.0,15.0,0.0,0.0,0.0,1.0
264,pulleys_2.3420-94c6faa4-2c3d-4f6f-a409-e9484a130847,11.0,5.0,3.0,8.0,27.0,0.18518518518518517,0.1111111111111111,0.2962962962962963,0.4074074074074074
265,pulleys_2.3890-0990b186-d2cb-4b92-98cb-eb634cf917b8,17.0,5.0,5.0,0.0,27.0,0.18518518518518517,0.18518518518518517,0.0,0.6296296296296297
266,pulleys_2.4032-8dfa87ba-2459-483b-a538-b02c05bbdab2,7.0,4.0,4.0,1.0,16.0,0.25,0.25,0.0625,0.4375
267,pulleys_2.4439-0eca0566-7cd9-4da5-b710-085e65a285e5,6.0,1.0,1.0,3.0,11.0,0.09090909090909091,0.09090909090909091,0.2727272727272727,0.5454545454545454
268,pulleys_2.4564-a9b5aa08-b02c-4ba3-a97d-be23a7fd9cc3,8.0,3.0,2.0,0.0,13.0,0.23076923076923078,0.15384615384615385,0.0,0.6153846153846154
269,pulleys_2.4565-36193ae4-51f5-4fa7-8105-88a5da44b9da,3.0,2.0,0.0,0.0,5.0,0.4,0.0,0.0,0.6
270,pulleys_2.4621-e895c1a2-bb35-4aaa-9dea-1fbe89a16b08,4.0,1.0,0.0,4.0,9.0,0.1111111111111111,0.0,0.4444444444444444,0.4444444444444444
271,pulleys_2.4659-683c0845-cf14-4240-bd20-573c8b7926d8,7.0,12.0,8.0,9.0,36.0,0.3333333333333333,0.2222222222222222,0.25,0.19444444444444445
272,pulleys_2.4786-26a27eb2-3267-43ec-9911-66d292ce846f,8.0,0.0,0.0,0.0,8.0,0.0,0.0,0.0,1.0
273,pulleys_2.5191-babaa9e9-312d-4429-8546-0b7b2395d92c,12.0,5.0,7.0,3.0,27.0,0.18518518518518517,0.25925925925925924,0.1111111111111111,0.4444444444444444
274,pulleys_2.5235-eb1c8b46-bab0-42e7-8fea-bc50850cd0de,4.0,3.0,0.0,7.0,14.0,0.21428571428571427,0.0,0.5,0.2857142857142857
275,pulleys_2.5369-de50eae9-8b3d-44d0-89c1-b279c4fea591,3.0,8.0,0.0,5.0,16.0,0.5,0.0,0.3125,0.1875
276,pulleys_2.5854-18de046e-63e2-4225-89ae-e606873818b0,10.0,2.0,1.0,0.0,13.0,0.15384615384615385,0.07692307692307693,0.0,0.7692307692307693
277,pulleys_2.6182-d61fc503-aec8-4628-a767-04fadedc083f,18.0,2.0,2.0,0.0,22.0,0.09090909090909091,0.09090909090909091,0.0,0.8181818181818182
278,pulleys_2.6317-08207a69-0532-454a-a7d0-1f5618708db0,3.0,3.0,3.0,0.0,9.0,0.3333333333333333,0.3333333333333333,0.0,0.3333333333333333
279,pulleys_2.6913-0d12dbb2-8462-4303-b6cf-7479942d1541,12.0,0.0,0.0,0.0,12.0,0.0,0.0,0.0,1.0
280,pulleys_2.6930-a8fd4222-86f3-4623-99f4-fb8794cd4962,33.0,2.0,2.0,0.0,37.0,0.05405405405405406,0.05405405405405406,0.0,0.8918918918918919
281,pulleys_2.6943-85eb7519-bc4d-4f4f-8a72-18670800d8e6,2.0,7.0,8.0,0.0,17.0,0.4117647058823529,0.47058823529411764,0.0,0.11764705882352941
282,pulleys_2.6945-10eab378-7b98-4663-bd65-4d741b54cbcc,4.0,0.0,0.0,0.0,4.0,0.0,0.0,0.0,1.0
283,pulleys_2.7376-6f5f07d7-86c3-4c4c-a052-3634d7755b9d,0.0,0.0,1.0,0.0,1.0,0.0,1.0,0.0,0.0
284,pulleys_2.7539-a65b7363-3afb-43a6-850a-5c80a1202ddc,9.0,4.0,1.0,0.0,14.0,0.2857142857142857,0.07142857142857142,0.0,0.6428571428571429
285,pulleys_2.7873-86193d3b-b7ba-4998-b5c2-eef9e242d7d5,11.0,3.0,3.0,0.0,17.0,0.17647058823529413,0.17647058823529413,0.0,0.6470588235294118
286,pulleys_2.7949-a2356f93-f47d-4e7d-ae6d-11f1e8409b36,10.0,1.0,1.0,0.0,12.0,0.08333333333333333,0.08333333333333333,0.0,0.8333333333333334
287,pulleys_2.8099-977cb375-6430-4168-9a78-d0ac87428542,14.0,6.0,6.0,0.0,26.0,0.23076923076923078,0.23076923076923078,0.0,0.5384615384615384
288,pulleys_2.8311-fcc6caca-cdbd-4ff0-9415-77b90229a1f1,11.0,3.0,2.0,0.0,16.0,0.1875,0.125,0.0,0.6875
289,pulleys_2.8624-cf726450-c50a-42ab-a8d5-99b5d0ad0a98,8.0,3.0,2.0,2.0,15.0,0.2,0.13333333333333333,0.13333333333333333,0.5333333333333333
290,pulleys_2.8798-4a19eaf6-12f9-4a97-adf2-469707d7995f,4.0,4.0,3.0,0.0,11.0,0.36363636363636365,0.2727272727272727,0.0,0.36363636363636365
291,pulleys_2.9226-c136ef9a-0131-4850-bf5f-1beaf85afcc6,7.0,5.0,0.0,7.0,19.0,0.2631578947368421,0.0,0.3684210526315789,0.3684210526315789
292,pulleys_2.9393-2960082e-f208-4821-ac8e-759fbc3f4d02,1.0,2.0,2.0,0.0,5.0,0.4,0.4,0.0,0.2
293,pulleys_2.9438-e9871158-5512-4dca-9edd-11caab65234a,10.0,6.0,2.0,0.0,18.0,0.3333333333333333,0.1111111111111111,0.0,0.5555555555555556
294,pulleys_2.9810-988306f1-19e0-4158-a007-261fc2d3ae0b,8.0,2.0,3.0,0.0,13.0,0.15384615384615385,0.23076923076923078,0.0,0.6153846153846154
